phase,variant,case,sample,iterations,elapsed_ns,ns_per_operation
A1,baseline,lookup_exact,0,500000,78540084,157.08
A1,baseline,lookup_exact,1,500000,76195833,152.39
A1,baseline,lookup_exact,2,500000,76045167,152.09
A1,baseline,lookup_exact,3,500000,77508292,155.02
A1,baseline,lookup_exact,4,500000,73776334,147.55
A1,baseline,lookup_wildcard,0,500000,97322500,194.65
A1,baseline,lookup_wildcard,1,500000,98625334,197.25
A1,baseline,lookup_wildcard,2,500000,97649875,195.30
A1,baseline,lookup_wildcard,3,500000,95669959,191.34
A1,baseline,lookup_wildcard,4,500000,94649750,189.30
A1,baseline,lookup_miss,0,500000,40459833,80.92
A1,baseline,lookup_miss,1,500000,40996292,81.99
A1,baseline,lookup_miss,2,500000,40918792,81.84
A1,baseline,lookup_miss,3,500000,41316667,82.63
A1,baseline,lookup_miss,4,500000,43203917,86.41
A1,baseline,lookup_all,0,500000,134759917,269.52
A1,baseline,lookup_all,1,500000,141070584,282.14
A1,baseline,lookup_all,2,500000,138922958,277.85
A1,baseline,lookup_all,3,500000,144624667,289.25
A1,baseline,lookup_all,4,500000,139158333,278.32
A1,baseline,duplicate_insert,0,500000,76653542,153.31
A1,baseline,duplicate_insert,1,500000,76514667,153.03
A1,baseline,duplicate_insert,2,500000,77275041,154.55
A1,baseline,duplicate_insert,3,500000,79256291,158.51
A1,baseline,duplicate_insert,4,500000,78574500,157.15
A1,baseline,wildcard_4_threads,0,2000000,1763222916,881.61
A1,baseline,wildcard_4_threads,1,2000000,1760644666,880.32
A1,baseline,wildcard_4_threads,2,2000000,1795218459,897.61
A1,baseline,wildcard_4_threads,3,2000000,1793642708,896.82
A1,baseline,wildcard_4_threads,4,2000000,1812170458,906.09
A1,baseline,untracked_guard_drop,0,500000,18005292,36.01
A1,baseline,untracked_guard_drop,1,500000,19330334,38.66
A1,baseline,untracked_guard_drop,2,500000,21300875,42.60
A1,baseline,untracked_guard_drop,3,500000,17822125,35.64
A1,baseline,untracked_guard_drop,4,500000,17679250,35.36
A1,baseline,local_hit_64,0,500000,41967875,83.94
A1,baseline,local_hit_64,1,500000,42117625,84.24
A1,baseline,local_hit_64,2,500000,43400000,86.80
A1,baseline,local_hit_64,3,500000,43067208,86.13
A1,baseline,local_hit_64,4,500000,44896083,89.79
A1,baseline,local_write_64,0,10000,2019958,202.00
A1,baseline,local_write_64,1,10000,1993542,199.35
A1,baseline,local_write_64,2,10000,1912500,191.25
A1,baseline,local_write_64,3,10000,1885125,188.51
A1,baseline,local_write_64,4,10000,1859083,185.91
A1,baseline,local_hit_4096,0,500000,43961625,87.92
A1,baseline,local_hit_4096,1,500000,43835250,87.67
A1,baseline,local_hit_4096,2,500000,45066708,90.13
A1,baseline,local_hit_4096,3,500000,42072000,84.14
A1,baseline,local_hit_4096,4,500000,42300208,84.60
A1,baseline,local_write_4096,0,10000,1941375,194.14
A1,baseline,local_write_4096,1,10000,1900583,190.06
A1,baseline,local_write_4096,2,10000,1951291,195.13
A1,baseline,local_write_4096,3,10000,1875084,187.51
A1,baseline,local_write_4096,4,10000,1957583,195.76
A1,baseline,local_8_writes_simulated_2ms,0,20,586078750,29303937.50
A1,baseline,local_8_writes_simulated_2ms,1,20,588878541,29443927.05
A1,baseline,local_8_writes_simulated_2ms,2,20,590121292,29506064.60
A1,baseline,local_8_writes_simulated_2ms,3,20,585090541,29254527.05
A1,baseline,local_8_writes_simulated_2ms,4,20,586379125,29318956.25
A1,baseline,resource_load_simulated_2ms,0,20,74693625,3734681.25
A1,baseline,resource_load_simulated_2ms,1,20,74552167,3727608.35
A1,baseline,resource_load_simulated_2ms,2,20,74893542,3744677.10
A1,baseline,resource_load_simulated_2ms,3,20,74933708,3746685.40
A1,baseline,resource_load_simulated_2ms,4,20,73778417,3688920.85
A1,baseline,resource_has_simulated_2ms,0,20,74166292,3708314.60
A1,baseline,resource_has_simulated_2ms,1,20,74809458,3740472.90
A1,baseline,resource_has_simulated_2ms,2,20,73271542,3663577.10
A1,baseline,resource_has_simulated_2ms,3,20,74773500,3738675.00
A1,baseline,resource_has_simulated_2ms,4,20,74302917,3715145.85
B1,candidate,lookup_exact,0,500000,83082000,166.16
B1,candidate,lookup_exact,1,500000,84960833,169.92
B1,candidate,lookup_exact,2,500000,82808000,165.62
B1,candidate,lookup_exact,3,500000,84846083,169.69
B1,candidate,lookup_exact,4,500000,86724000,173.45
B1,candidate,lookup_wildcard,0,500000,104184667,208.37
B1,candidate,lookup_wildcard,1,500000,104007958,208.02
B1,candidate,lookup_wildcard,2,500000,103949209,207.90
B1,candidate,lookup_wildcard,3,500000,105174500,210.35
B1,candidate,lookup_wildcard,4,500000,105285250,210.57
B1,candidate,lookup_miss,0,500000,43758417,87.52
B1,candidate,lookup_miss,1,500000,45703542,91.41
B1,candidate,lookup_miss,2,500000,45767042,91.53
B1,candidate,lookup_miss,3,500000,45935542,91.87
B1,candidate,lookup_miss,4,500000,47832125,95.66
B1,candidate,lookup_all,0,500000,142748792,285.50
B1,candidate,lookup_all,1,500000,146068709,292.14
B1,candidate,lookup_all,2,500000,143051542,286.10
B1,candidate,lookup_all,3,500000,142604375,285.21
B1,candidate,lookup_all,4,500000,144395958,288.79
B1,candidate,duplicate_insert,0,500000,77131459,154.26
B1,candidate,duplicate_insert,1,500000,75152917,150.31
B1,candidate,duplicate_insert,2,500000,76178458,152.36
B1,candidate,duplicate_insert,3,500000,72480917,144.96
B1,candidate,duplicate_insert,4,500000,75169208,150.34
B1,candidate,wildcard_4_threads,0,2000000,1774329250,887.16
B1,candidate,wildcard_4_threads,1,2000000,1705199333,852.60
B1,candidate,wildcard_4_threads,2,2000000,1821672500,910.84
B1,candidate,wildcard_4_threads,3,2000000,1693420708,846.71
B1,candidate,wildcard_4_threads,4,2000000,1750216083,875.11
B1,candidate,untracked_guard_drop,0,500000,11149167,22.30
B1,candidate,untracked_guard_drop,1,500000,13078208,26.16
B1,candidate,untracked_guard_drop,2,500000,13486667,26.97
B1,candidate,untracked_guard_drop,3,500000,13179375,26.36
B1,candidate,untracked_guard_drop,4,500000,13634250,27.27
B1,candidate,local_hit_64,0,500000,40141583,80.28
B1,candidate,local_hit_64,1,500000,39649459,79.30
B1,candidate,local_hit_64,2,500000,38647875,77.30
B1,candidate,local_hit_64,3,500000,39278542,78.56
B1,candidate,local_hit_64,4,500000,38739875,77.48
B1,candidate,local_write_64,0,10000,2648208,264.82
B1,candidate,local_write_64,1,10000,2532458,253.25
B1,candidate,local_write_64,2,10000,2476542,247.65
B1,candidate,local_write_64,3,10000,2432500,243.25
B1,candidate,local_write_64,4,10000,2602833,260.28
B1,candidate,local_hit_4096,0,500000,39558458,79.12
B1,candidate,local_hit_4096,1,500000,39923584,79.85
B1,candidate,local_hit_4096,2,500000,41621583,83.24
B1,candidate,local_hit_4096,3,500000,40465334,80.93
B1,candidate,local_hit_4096,4,500000,40415416,80.83
B1,candidate,local_write_4096,0,10000,2594375,259.44
B1,candidate,local_write_4096,1,10000,2416333,241.63
B1,candidate,local_write_4096,2,10000,2606000,260.60
B1,candidate,local_write_4096,3,10000,2538958,253.90
B1,candidate,local_write_4096,4,10000,2467459,246.75
B1,candidate,local_8_writes_simulated_2ms,0,20,73498541,3674927.05
B1,candidate,local_8_writes_simulated_2ms,1,20,75025083,3751254.15
B1,candidate,local_8_writes_simulated_2ms,2,20,74179375,3708968.75
B1,candidate,local_8_writes_simulated_2ms,3,20,73881500,3694075.00
B1,candidate,local_8_writes_simulated_2ms,4,20,74800375,3740018.75
B1,candidate,resource_load_simulated_2ms,0,20,71889000,3594450.00
B1,candidate,resource_load_simulated_2ms,1,20,75094250,3754712.50
B1,candidate,resource_load_simulated_2ms,2,20,74258250,3712912.50
B1,candidate,resource_load_simulated_2ms,3,20,72612208,3630610.40
B1,candidate,resource_load_simulated_2ms,4,20,73315917,3665795.85
B1,candidate,resource_has_simulated_2ms,0,20,75325833,3766291.65
B1,candidate,resource_has_simulated_2ms,1,20,73584750,3679237.50
B1,candidate,resource_has_simulated_2ms,2,20,80252292,4012614.60
B1,candidate,resource_has_simulated_2ms,3,20,75051667,3752583.35
B1,candidate,resource_has_simulated_2ms,4,20,76900084,3845004.20
B2,candidate,lookup_exact,0,500000,86317459,172.63
B2,candidate,lookup_exact,1,500000,96029625,192.06
B2,candidate,lookup_exact,2,500000,79369500,158.74
B2,candidate,lookup_exact,3,500000,80623292,161.25
B2,candidate,lookup_exact,4,500000,81938250,163.88
B2,candidate,lookup_wildcard,0,500000,102958625,205.92
B2,candidate,lookup_wildcard,1,500000,101787458,203.57
B2,candidate,lookup_wildcard,2,500000,100628792,201.26
B2,candidate,lookup_wildcard,3,500000,99464459,198.93
B2,candidate,lookup_wildcard,4,500000,106772000,213.54
B2,candidate,lookup_miss,0,500000,44400791,88.80
B2,candidate,lookup_miss,1,500000,42982208,85.96
B2,candidate,lookup_miss,2,500000,43195958,86.39
B2,candidate,lookup_miss,3,500000,43258625,86.52
B2,candidate,lookup_miss,4,500000,43678333,87.36
B2,candidate,lookup_all,0,500000,145597125,291.19
B2,candidate,lookup_all,1,500000,153835959,307.67
B2,candidate,lookup_all,2,500000,149313792,298.63
B2,candidate,lookup_all,3,500000,142380959,284.76
B2,candidate,lookup_all,4,500000,141644917,283.29
B2,candidate,duplicate_insert,0,500000,75475375,150.95
B2,candidate,duplicate_insert,1,500000,76944334,153.89
B2,candidate,duplicate_insert,2,500000,77912125,155.82
B2,candidate,duplicate_insert,3,500000,73406250,146.81
B2,candidate,duplicate_insert,4,500000,73719458,147.44
B2,candidate,wildcard_4_threads,0,2000000,1632359458,816.18
B2,candidate,wildcard_4_threads,1,2000000,1386360667,693.18
B2,candidate,wildcard_4_threads,2,2000000,1545551583,772.78
B2,candidate,wildcard_4_threads,3,2000000,1569656042,784.83
B2,candidate,wildcard_4_threads,4,2000000,1575517833,787.76
B2,candidate,untracked_guard_drop,0,500000,10753625,21.51
B2,candidate,untracked_guard_drop,1,500000,12480209,24.96
B2,candidate,untracked_guard_drop,2,500000,10286542,20.57
B2,candidate,untracked_guard_drop,3,500000,10703875,21.41
B2,candidate,untracked_guard_drop,4,500000,10888959,21.78
B2,candidate,local_hit_64,0,500000,36345042,72.69
B2,candidate,local_hit_64,1,500000,36679958,73.36
B2,candidate,local_hit_64,2,500000,37622167,75.24
B2,candidate,local_hit_64,3,500000,35840125,71.68
B2,candidate,local_hit_64,4,500000,36104209,72.21
B2,candidate,local_write_64,0,10000,2434333,243.43
B2,candidate,local_write_64,1,10000,2410959,241.10
B2,candidate,local_write_64,2,10000,2447541,244.75
B2,candidate,local_write_64,3,10000,2380583,238.06
B2,candidate,local_write_64,4,10000,2317625,231.76
B2,candidate,local_hit_4096,0,500000,36611375,73.22
B2,candidate,local_hit_4096,1,500000,36574416,73.15
B2,candidate,local_hit_4096,2,500000,36298333,72.60
B2,candidate,local_hit_4096,3,500000,36248833,72.50
B2,candidate,local_hit_4096,4,500000,35643875,71.29
B2,candidate,local_write_4096,0,10000,2414333,241.43
B2,candidate,local_write_4096,1,10000,2331375,233.14
B2,candidate,local_write_4096,2,10000,2469958,247.00
B2,candidate,local_write_4096,3,10000,2309875,230.99
B2,candidate,local_write_4096,4,10000,2442583,244.26
B2,candidate,local_8_writes_simulated_2ms,0,20,73048792,3652439.60
B2,candidate,local_8_writes_simulated_2ms,1,20,72814875,3640743.75
B2,candidate,local_8_writes_simulated_2ms,2,20,72358708,3617935.40
B2,candidate,local_8_writes_simulated_2ms,3,20,73282625,3664131.25
B2,candidate,local_8_writes_simulated_2ms,4,20,72789084,3639454.20
B2,candidate,resource_load_simulated_2ms,0,20,74119458,3705972.90
B2,candidate,resource_load_simulated_2ms,1,20,73617209,3680860.45
B2,candidate,resource_load_simulated_2ms,2,20,71579916,3578995.80
B2,candidate,resource_load_simulated_2ms,3,20,72993167,3649658.35
B2,candidate,resource_load_simulated_2ms,4,20,72807250,3640362.50
B2,candidate,resource_has_simulated_2ms,0,20,72679417,3633970.85
B2,candidate,resource_has_simulated_2ms,1,20,72532000,3626600.00
B2,candidate,resource_has_simulated_2ms,2,20,74206000,3710300.00
B2,candidate,resource_has_simulated_2ms,3,20,73208875,3660443.75
B2,candidate,resource_has_simulated_2ms,4,20,73817250,3690862.50
A2,baseline,lookup_exact,0,500000,88062292,176.12
A2,baseline,lookup_exact,1,500000,78847291,157.69
A2,baseline,lookup_exact,2,500000,76774959,153.55
A2,baseline,lookup_exact,3,500000,81676541,163.35
A2,baseline,lookup_exact,4,500000,77587542,155.18
A2,baseline,lookup_wildcard,0,500000,91724958,183.45
A2,baseline,lookup_wildcard,1,500000,96027334,192.05
A2,baseline,lookup_wildcard,2,500000,94613584,189.23
A2,baseline,lookup_wildcard,3,500000,99132584,198.27
A2,baseline,lookup_wildcard,4,500000,94021083,188.04
A2,baseline,lookup_miss,0,500000,41265875,82.53
A2,baseline,lookup_miss,1,500000,40464833,80.93
A2,baseline,lookup_miss,2,500000,39298541,78.60
A2,baseline,lookup_miss,3,500000,40038417,80.08
A2,baseline,lookup_miss,4,500000,40307833,80.62
A2,baseline,lookup_all,0,500000,153095709,306.19
A2,baseline,lookup_all,1,500000,147375666,294.75
A2,baseline,lookup_all,2,500000,139435958,278.87
A2,baseline,lookup_all,3,500000,140103708,280.21
A2,baseline,lookup_all,4,500000,140665375,281.33
A2,baseline,duplicate_insert,0,500000,80017083,160.03
A2,baseline,duplicate_insert,1,500000,79971958,159.94
A2,baseline,duplicate_insert,2,500000,79582542,159.17
A2,baseline,duplicate_insert,3,500000,81418209,162.84
A2,baseline,duplicate_insert,4,500000,79473083,158.95
A2,baseline,wildcard_4_threads,0,2000000,1594949959,797.47
A2,baseline,wildcard_4_threads,1,2000000,1591093250,795.55
A2,baseline,wildcard_4_threads,2,2000000,1517800916,758.90
A2,baseline,wildcard_4_threads,3,2000000,1584943208,792.47
A2,baseline,wildcard_4_threads,4,2000000,1562756125,781.38
A2,baseline,untracked_guard_drop,0,500000,16668916,33.34
A2,baseline,untracked_guard_drop,1,500000,16721333,33.44
A2,baseline,untracked_guard_drop,2,500000,16789958,33.58
A2,baseline,untracked_guard_drop,3,500000,17170167,34.34
A2,baseline,untracked_guard_drop,4,500000,16633375,33.27
A2,baseline,local_hit_64,0,500000,42434625,84.87
A2,baseline,local_hit_64,1,500000,42209958,84.42
A2,baseline,local_hit_64,2,500000,41715000,83.43
A2,baseline,local_hit_64,3,500000,42018875,84.04
A2,baseline,local_hit_64,4,500000,42875500,85.75
A2,baseline,local_write_64,0,10000,2089667,208.97
A2,baseline,local_write_64,1,10000,2060208,206.02
A2,baseline,local_write_64,2,10000,1964750,196.47
A2,baseline,local_write_64,3,10000,1832542,183.25
A2,baseline,local_write_64,4,10000,1848333,184.83
A2,baseline,local_hit_4096,0,500000,42754459,85.51
A2,baseline,local_hit_4096,1,500000,41337125,82.67
A2,baseline,local_hit_4096,2,500000,42534625,85.07
A2,baseline,local_hit_4096,3,500000,41823666,83.65
A2,baseline,local_hit_4096,4,500000,42250250,84.50
A2,baseline,local_write_4096,0,10000,1855709,185.57
A2,baseline,local_write_4096,1,10000,1849666,184.97
A2,baseline,local_write_4096,2,10000,1933292,193.33
A2,baseline,local_write_4096,3,10000,1828750,182.88
A2,baseline,local_write_4096,4,10000,1961750,196.18
A2,baseline,local_8_writes_simulated_2ms,0,20,588466000,29423300.00
A2,baseline,local_8_writes_simulated_2ms,1,20,589211083,29460554.15
A2,baseline,local_8_writes_simulated_2ms,2,20,594625583,29731279.15
A2,baseline,local_8_writes_simulated_2ms,3,20,596834917,29841745.85
A2,baseline,local_8_writes_simulated_2ms,4,20,593408333,29670416.65
A2,baseline,resource_load_simulated_2ms,0,20,74181541,3709077.05
A2,baseline,resource_load_simulated_2ms,1,20,74303666,3715183.30
A2,baseline,resource_load_simulated_2ms,2,20,74859583,3742979.15
A2,baseline,resource_load_simulated_2ms,3,20,74623375,3731168.75
A2,baseline,resource_load_simulated_2ms,4,20,73524542,3676227.10
A2,baseline,resource_has_simulated_2ms,0,20,74731417,3736570.85
A2,baseline,resource_has_simulated_2ms,1,20,75191333,3759566.65
A2,baseline,resource_has_simulated_2ms,2,20,74994250,3749712.50
A2,baseline,resource_has_simulated_2ms,3,20,74945583,3747279.15
A2,baseline,resource_has_simulated_2ms,4,20,74953167,3747658.35
