phase,variant,case,sample,ns_per_op
A1,baseline,load_6144,1,9311.55
A1,baseline,load_6144,2,8924.83
A1,baseline,load_6144,3,9307.34
A1,baseline,load_6144,4,9907.08
A1,baseline,load_6144,5,9693.98
A1,baseline,has_6144,1,4142.65
A1,baseline,has_6144,2,4093.66
A1,baseline,has_6144,3,4163.86
A1,baseline,has_6144,4,4231.18
A1,baseline,has_6144,5,4364.55
A1,baseline,republish_6144,1,11485.25
A1,baseline,republish_6144,2,10898.46
A1,baseline,republish_6144,3,10474.86
A1,baseline,republish_6144,4,10469.03
A1,baseline,republish_6144,5,10517.88
A1,baseline,load_49152,1,40185.64
A1,baseline,load_49152,2,40126.60
A1,baseline,load_49152,3,40177.00
A1,baseline,load_49152,4,40123.86
A1,baseline,load_49152,5,40197.00
A1,baseline,has_49152,1,4588.88
A1,baseline,has_49152,2,4629.06
A1,baseline,has_49152,3,4647.28
A1,baseline,has_49152,4,4626.97
A1,baseline,has_49152,5,4649.78
A1,baseline,republish_49152,1,51319.63
A1,baseline,republish_49152,2,51477.97
A1,baseline,republish_49152,3,51405.65
A1,baseline,republish_49152,4,51571.39
A1,baseline,republish_49152,5,51432.26
B1,candidate,load_6144,1,6300.68
B1,candidate,load_6144,2,6209.45
B1,candidate,load_6144,3,6202.05
B1,candidate,load_6144,4,6233.91
B1,candidate,load_6144,5,6242.17
B1,candidate,has_6144,1,1533.89
B1,candidate,has_6144,2,1527.46
B1,candidate,has_6144,3,1524.63
B1,candidate,has_6144,4,1482.50
B1,candidate,has_6144,5,1510.85
B1,candidate,republish_6144,1,7829.17
B1,candidate,republish_6144,2,7779.94
B1,candidate,republish_6144,3,7736.78
B1,candidate,republish_6144,4,7740.14
B1,candidate,republish_6144,5,7831.33
B1,candidate,load_49152,1,36629.41
B1,candidate,load_49152,2,36697.87
B1,candidate,load_49152,3,37281.58
B1,candidate,load_49152,4,37564.12
B1,candidate,load_49152,5,37364.52
B1,candidate,has_49152,1,2130.06
B1,candidate,has_49152,2,2047.16
B1,candidate,has_49152,3,2092.42
B1,candidate,has_49152,4,2080.46
B1,candidate,has_49152,5,2069.53
B1,candidate,republish_49152,1,51940.55
B1,candidate,republish_49152,2,51723.11
B1,candidate,republish_49152,3,51830.26
B1,candidate,republish_49152,4,51252.08
B1,candidate,republish_49152,5,50752.19
B2,candidate,load_6144,1,6238.32
B2,candidate,load_6144,2,6141.12
B2,candidate,load_6144,3,6186.08
B2,candidate,load_6144,4,6102.93
B2,candidate,load_6144,5,6093.37
B2,candidate,has_6144,1,1515.87
B2,candidate,has_6144,2,1524.05
B2,candidate,has_6144,3,1528.04
B2,candidate,has_6144,4,1521.38
B2,candidate,has_6144,5,1531.56
B2,candidate,republish_6144,1,7827.38
B2,candidate,republish_6144,2,7817.46
B2,candidate,republish_6144,3,7756.18
B2,candidate,republish_6144,4,7745.39
B2,candidate,republish_6144,5,7754.68
B2,candidate,load_49152,1,36600.28
B2,candidate,load_49152,2,36581.91
B2,candidate,load_49152,3,36493.04
B2,candidate,load_49152,4,36549.86
B2,candidate,load_49152,5,36513.33
B2,candidate,has_49152,1,2032.83
B2,candidate,has_49152,2,2006.92
B2,candidate,has_49152,3,2011.33
B2,candidate,has_49152,4,1999.20
B2,candidate,has_49152,5,2058.06
B2,candidate,republish_49152,1,51025.37
B2,candidate,republish_49152,2,51117.12
B2,candidate,republish_49152,3,50593.63
B2,candidate,republish_49152,4,50538.82
B2,candidate,republish_49152,5,50491.12
A2,baseline,load_6144,1,9051.68
A2,baseline,load_6144,2,8858.44
A2,baseline,load_6144,3,8827.86
A2,baseline,load_6144,4,8796.98
A2,baseline,load_6144,5,8806.40
A2,baseline,has_6144,1,4046.79
A2,baseline,has_6144,2,4067.43
A2,baseline,has_6144,3,4069.55
A2,baseline,has_6144,4,4148.08
A2,baseline,has_6144,5,4016.44
A2,baseline,republish_6144,1,10467.16
A2,baseline,republish_6144,2,10212.10
A2,baseline,republish_6144,3,10211.93
A2,baseline,republish_6144,4,10240.46
A2,baseline,republish_6144,5,10303.37
A2,baseline,load_49152,1,40066.03
A2,baseline,load_49152,2,40519.53
A2,baseline,load_49152,3,43195.57
A2,baseline,load_49152,4,40561.63
A2,baseline,load_49152,5,46536.03
A2,baseline,has_49152,1,4613.74
A2,baseline,has_49152,2,4539.44
A2,baseline,has_49152,3,4553.30
A2,baseline,has_49152,4,4545.25
A2,baseline,has_49152,5,4672.21
A2,baseline,republish_49152,1,52236.15
A2,baseline,republish_49152,2,51930.10
A2,baseline,republish_49152,3,52373.68
A2,baseline,republish_49152,4,51412.02
A2,baseline,republish_49152,5,51338.68
